{"timestamp_utc":"2025-10-26T05:39:20Z","alerts":[{"event":"Tornado Warning","headline":"Tornado Warning issued October 26 at 12:35AM CDT until October 26 at 12:45AM CDT by NWS Lake Charles LA","area":"Jefferson Davis, LA","onset_utc":"2025-10-26T00:35:00-05:00","ends_utc":"2025-10-26T00:45:00-05:00","severity":"extreme","certainty":"observed","urgency":"immediate","nws_url":"urn:oid:2.49.0.1.840.0.c9c222a9c59374495d9a5deaaeb558e8e65679f4.002.1"},{"event":"Severe Thunderstorm Warning","headline":"Severe Thunderstorm Warning issued October 26 at 12:30AM CDT until October 26 at 1:30AM CDT by NWS Lake Charles LA","area":"Acadia, LA; Calcasieu, LA; Jefferson Davis, LA","onset_utc":"2025-10-26T00:30:00-05:00","ends_utc":"2025-10-26T01:30:00-05:00","severity":"severe","certainty":"observed","urgency":"immediate","nws_url":"urn:oid:2.49.0.1.840.0.a61cdf1254d3f2dacf47033da49211afc9d5bfe2.001.1"},{"event":"Tornado Watch","headline":"Tornado Watch issued October 26 at 12:27AM CDT until October 26 at 6:00AM CDT by NWS Lake Charles LA","area":"Acadia, LA; Allen, LA; Avoyelles, LA; Beauregard, LA; Calcasieu, LA; Cameron, LA; Evangeline, LA; Iberia, LA; Jefferson Davis, LA; Lafayette, LA; Rapides, LA; St. Landry, LA; St. Martin, LA; St. Mary, LA; Vermilion, LA","onset_utc":"2025-10-26T00:27:00-05:00","ends_utc":"2025-10-26T06:00:00-05:00","severity":"extreme","certainty":"possible","urgency":"future","nws_url":"urn:oid:2.49.0.1.840.0.bea7c505566328c048bfaaa04c1696f498f94bea.001.1"},{"event":"Tornado Watch","headline":"Tornado Watch issued October 26 at 12:27AM CDT until October 26 at 6:00AM CDT by NWS Lake Charles LA","area":"Calcasieu Lake","onset_utc":"2025-10-26T00:27:00-05:00","ends_utc":"2025-10-26T06:00:00-05:00","severity":"extreme","certainty":"possible","urgency":"future","nws_url":"urn:oid:2.49.0.1.840.0.bea7c505566328c048bfaaa04c1696f498f94bea.002.1"},{"event":"Severe Thunderstorm Warning","headline":"Severe Thunderstorm Warning issued October 26 at 12:10AM CDT until October 26 at 1:15AM CDT by NWS Lake Charles LA","area":"Calcasieu, LA; Cameron, LA","onset_utc":"2025-10-26T00:10:00-05:00","ends_utc":"2025-10-26T01:15:00-05:00","severity":"severe","certainty":"observed","urgency":"immediate","nws_url":"urn:oid:2.49.0.1.840.0.f9cfeaba4ce79f6da3fd1d5a0ecc7361f7c9b058.001.1"},{"event":"Flash Flood Warning","headline":"Flash Flood Warning issued October 25 at 11:41PM CDT until October 26 at 3:15AM CDT by NWS Lake Charles LA","area":"Beauregard, LA; Vernon, LA","onset_utc":"2025-10-25T23:41:00-05:00","ends_utc":"2025-10-26T03:15:00-05:00","severity":"severe","certainty":"likely","urgency":"immediate","nws_url":"urn:oid:2.49.0.1.840.0.9327fea9c32484bef2b348e21ae1e08c72d550b4.001.1"},{"event":"Flood Advisory","headline":"Flood Advisory issued October 25 at 11:19PM CDT until October 26 at 12:45AM CDT by NWS Norman OK","area":"Coal, OK; Pontotoc, OK","onset_utc":"2025-10-25T23:19:00-05:00","ends_utc":"2025-10-26T00:45:00-05:00","severity":"minor","certainty":"likely","urgency":"expected","nws_url":"urn:oid:2.49.0.1.840.0.58605a99ecdbb830e20a69b0860aabef9445d7ab.001.1"},{"event":"Tornado Watch","headline":"Tornado Watch issued October 25 at 11:03PM CDT until October 26 at 6:00AM CDT by NWS New Orleans LA","area":"Ascension, LA; Assumption, LA; East Baton Rouge, LA; East Feliciana, LA; Iberville, LA; Livingston, LA; Pointe Coupee, LA; St. Helena, LA; St. James, LA; West Baton Rouge, LA; West Feliciana, LA; Amite, MS; Wilkinson, MS","onset_utc":"2025-10-25T23:05:00-05:00","ends_utc":"2025-10-26T06:00:00-05:00","severity":"extreme","certainty":"possible","urgency":"future","nws_url":"urn:oid:2.49.0.1.840.0.b65736016184251ceb37c4f4342ec81ed8b87939.001.1"},{"event":"Flood Advisory","headline":"Flood Advisory issued October 25 at 10:11PM CDT until October 26 at 1:15AM CDT by NWS Norman OK","area":"Pontotoc, OK","onset_utc":"2025-10-25T22:11:00-05:00","ends_utc":"2025-10-26T01:15:00-05:00","severity":"minor","certainty":"likely","urgency":"expected","nws_url":"urn:oid:2.49.0.1.840.0.fe6b8fbfce5a46f4fa188997d9ad60899a0e7210.001.1"},{"event":"Flash Flood Warning","headline":"Flash Flood Warning issued October 25 at 10:00PM CDT until October 26 at 1:00AM CDT by NWS Norman OK","area":"Coal, OK; Pontotoc, OK","onset_utc":"2025-10-25T22:00:00-05:00","ends_utc":"2025-10-26T01:00:00-05:00","severity":"severe","certainty":"likely","urgency":"immediate","nws_url":"urn:oid:2.49.0.1.840.0.7e4adc775c9544ab8df98f45777d3624a0208b56.001.1"},{"event":"Flash Flood Warning","headline":"Flash Flood Warning issued October 25 at 9:58PM CDT until October 26 at 1:00AM CDT by NWS Norman OK","area":"Carter, OK; Murray, OK","onset_utc":"2025-10-25T21:58:00-05:00","ends_utc":"2025-10-26T01:00:00-05:00","severity":"severe","certainty":"likely","urgency":"immediate","nws_url":"urn:oid:2.49.0.1.840.0.1c722d6a7ef7bc5532ea56fcdb36abf736a5b86d.001.1"},{"event":"Flood Warning","headline":"Flood Warning issued October 25 at 8:51PM EDT by NWS Melbourne FL","area":"Lake, FL; Volusia, FL","onset_utc":"2025-10-25T20:51:00-04:00","ends_utc":"2025-10-26T11:00:00-04:00","severity":"severe","certainty":"observed","urgency":"immediate","nws_url":"urn:oid:2.49.0.1.840.0.27e5bce674081b9a0d9a392ee11778c9d25b29cc.001.1"}],"sources":{"nws_active":"https://api.weather.gov/alerts/active"}}